theme,n,median,mean,prop_up,FDR_wilcox_vs_all,FDR_perm_vs_all,FDR_wilcox_vs_other_valid,FDR_perm_vs_other_valid
Neuroplasticity,57,1.99389906028183,1.99022724079603,0.929824561403509,0.000377467057857259,0.0011998800119988,0.0583269595391029,0.0005999400059994
Synaptic_signaling,46,2.01388500059757,2.09422269123787,0.956521739130435,0.000377467057857259,0.0011998800119988,0.0388064593373514,0.0013998600139986
Neuroinflammation,26,2.10229152469788,2.19181735003057,0.846153846153846,0.00385980198426004,0.00494950504949505,0.0583269595391029,0.0163483651634837
Stress_response,26,1.94697281301695,2.13835879863051,0.846153846153846,0.0145602488950196,0.00707929207079292,0.19976840405381,0.0262773722627737
Circadian_biology,5,2.44610706756447,2.63900165997065,1,0.0239004385226339,0.0464953504649535,0.0775404038160299,0.0975902409759024
Cognitive_function,19,2.0331518607378,2.71983115363329,1,0.00385980198426004,0.0015998400159984,0.0583269595391029,0.0005999400059994
